calories,distance,end_time,start_time,steps,type
4,117,1739391240,1739391000,175,walking
18,423,1739386140,1739385780,619,walking
34,1158,1739385720,1739384700,1520,running
8,267,1739384640,1739384340,384,walking
8,212,1739381220,1739380800,312,walking
12,290,1739379900,1739378880,414,cycling
3,47,1739309880,1739308980,70,cycling
7,72,1739301180,1739298600,108,cycling
34,998,1739290980,1739289960,1469,walking
13,196,1739256420,1739254500,292,cycling
4,117,1739217900,1739217600,175,walking
8,151,1739214120,1739213100,225,cycling
6,193,1739212140,1739211840,287,walking
13,457,1739211660,1739211300,609,running
7,219,1739208900,1739208480,326,walking
21,634,1739196960,1739196060,917,walking
16,542,1739191620,1739191020,791,walking
4,84,1739188620,1739187900,126,cycling
6,195,1739178000,1739177760,290,walking
4,65,1739175120,1739174580,97,walking
12,149,1739101440,1739100120,222,cycling
12,137,1739015460,1739013600,204,cycling
10,237,1738956000,1738955700,353,walking
15,457,1738952340,1738951740,651,walking
6,171,1738950360,1738950000,227,walking
17,507,1738944240,1738943520,736,walking
39,1263,1738935060,1738934040,1677,walking
16,586,1738933020,1738932540,799,walking
27,839,1738929000,1738928220,1070,running
4,184,1738927380,1738927140,265,walking
17,561,1738919220,1738918680,784,walking
21,654,1738917420,1738916820,868,walking
14,244,1738915380,1738914240,363,cycling
7,97,1738870920,1738869840,145,cycling
8,110,1738865280,1738864200,164,cycling
11,297,1738864140,1738863420,442,walking
4,148,1738863000,1738862760,221,walking
11,345,1738848840,1738848540,475,walking
8,312,1738847940,1738847700,438,walking
7,205,1738777920,1738777680,297,walking
9,272,1738774440,1738774080,378,walking
12,382,1738762380,1738762140,488,walking
7,315,1738760880,1738760640,431,walking
9,288,1738740720,1738740480,367,walking
5,68,1738703400,1738702380,102,cycling
3,41,1738699920,1738699500,62,cycling
5,90,1738695300,1738694640,134,walking
12,350,1738675860,1738675500,471,walking
8,330,1738674900,1738674660,446,walking
5,113,1738654140,1738653240,169,cycling
10,104,1738616820,1738614240,156,cycling
4,152,1738611960,1738611720,226,walking
19,622,1738602480,1738601820,888,walking
15,488,1738592160,1738591560,714,walking
31,966,1738586520,1738585020,1417,walking
15,556,1738582320,1738581720,795,walking
15,516,1738573800,1738573260,750,walking
16,566,1738570800,1738570260,781,walking
10,168,1738567860,1738566180,250,cycling
3,88,1738510980,1738510740,131,walking
6,116,1738510440,1738509360,173,cycling
22,691,1738509240,1738508520,993,walking
48,1592,1738508160,1738506600,2212,walking
4,81,1738431900,1738431600,121,walking
7,64,1738415940,1738414860,96,cycling
4,67,1738413780,1738412940,101,cycling
4,80,1738404900,1738404540,119,walking
4,84,1738396980,1738396740,125,walking
5,111,1738348500,1738348080,165,walking
9,226,1738347120,1738346160,295,cycling
19,530,1738328280,1738327680,765,walking
20,612,1738321200,1738320600,844,walking
23,677,1738311480,1738310580,909,walking
17,195,1738307520,1738305300,290,cycling
6,86,1738269240,1738267980,129,cycling
4,75,1738266600,1738266240,112,walking
40,1144,1738258440,1738257060,1661,walking
11,386,1738243980,1738243620,541,walking
11,374,1738239120,1738238760,528,walking
10,292,1738170900,1738170660,403,walking
9,332,1738157520,1738157280,447,walking
8,332,1738156620,1738156380,439,walking
13,429,1738086540,1738085940,638,walking
3,41,1738084680,1738084440,61,walking
12,428,1738083900,1738083660,544,running
4,137,1738081680,1738081380,204,walking
10,143,1738049580,1738047240,214,cycling
3,60,1738008240,1738008000,90,walking
6,146,1738007040,1738006440,217,cycling
9,180,1738001520,1738000680,269,cycling
19,604,1737994800,1737994200,843,walking
23,757,1737990120,1737989220,1107,walking
18,572,1737981240,1737980640,820,walking
7,183,1737978660,1737978120,273,walking
17,586,1737968400,1737967500,836,walking
5,86,1737965580,1737965340,129,walking
3,45,1737928080,1737927780,68,cycling
6,115,1737915240,1737914820,172,walking
13,322,1737913500,1737912540,462,cycling
8,143,1737912000,1737911580,214,walking
5,95,1737838680,1737838380,142,walking
3,47,1737837720,1737837480,70,walking
6,67,1737836340,1737834480,100,cycling
3,47,1737811020,1737810780,71,cycling
5,155,1737759120,1737758700,226,cycling
11,349,1737742740,1737742500,465,walking
18,597,1737731340,1737730500,853,walking
18,556,1737728040,1737727500,777,walking
5,253,1737725400,1737725160,360,walking
19,631,1737723600,1737722940,905,walking
33,1093,1737720300,1737719220,1463,walking
5,161,1737715260,1737714720,240,walking
20,476,1737714360,1737713100,689,cycling
13,357,1737713040,1737712620,528,walking
28,885,1737708180,1737707160,1212,walking
8,154,1737705480,1737704280,230,cycling
11,189,1737669540,1737668700,282,cycling
11,362,1737656880,1737656160,539,walking
16,412,1737654900,1737653940,563,cycling
8,337,1737639120,1737638880,466,walking
10,300,1737638100,1737637860,413,walking
10,314,1737618300,1737618060,405,walking
7,129,1737616860,1737615960,192,cycling
8,102,1737615600,1737614100,152,cycling
3,61,1737581880,1737581520,92,walking
11,205,1737570660,1737569580,304,cycling
10,327,1737552540,1737552300,436,walking
9,329,1737551400,1737551160,444,walking
9,122,1737529620,1737528660,182,cycling
7,81,1737528300,1737527040,121,cycling
4,63,1737487020,1737486780,94,walking
7,197,1737477900,1737477000,290,cycling
6,92,1737402540,1737401760,137,cycling
10,216,1737395400,1737394380,312,cycling
7,197,1737393540,1737393240,290,walking
18,499,1737389220,1737388680,724,walking
9,307,1737386160,1737385800,453,walking
11,365,1737374040,1737373620,513,walking
16,548,1737369660,1737369120,786,walking
25,755,1737362940,1737361200,1052,cycling
16,188,1737359700,1737358080,280,cycling
7,90,1737324540,1737323340,135,cycling
9,93,1737317040,1737315240,139,cycling
5,86,1737312180,1737311820,129,cycling
9,336,1737145920,1737145620,455,walking
9,316,1737140100,1737139860,418,walking
16,558,1737137940,1737137520,766,walking
6,214,1737132840,1737132360,306,walking
11,348,1737130680,1737130380,509,walking
11,361,1737118860,1737118440,536,walking
6,240,1737118020,1737117720,353,walking
6,159,1737116280,1737116040,237,walking
7,190,1737109380,1737109020,283,walking
6,188,1737108600,1737108300,280,walking
23,629,1737102720,1737101220,870,cycling
8,141,1737099720,1737098280,211,cycling
3,72,1737067020,1737066780,108,walking
10,118,1737064440,1737063180,176,cycling
6,94,1737053520,1737051900,141,cycling
3,73,1737050940,1737050640,109,walking
10,302,1737012300,1737012060,395,walking
4,59,1737010140,1737009060,88,cycling
6,80,1736976720,1736975760,120,cycling
30,742,1736968380,1736966880,971,walking
14,472,1736966820,1736966580,588,running
12,384,1736966520,1736966040,536,walking
10,240,1736965980,1736964840,323,cycling
4,97,1736926560,1736926080,145,walking
5,57,1736890140,1736889720,86,cycling
20,549,1736875320,1736874900,721,walking
20,656,1736874840,1736874480,797,running
10,320,1736874420,1736873760,461,walking
12,250,1736840040,1736838480,372,cycling
10,80,1736805360,1736804400,120,cycling
16,306,1736804340,1736803200,456,walking
8,216,1736778300,1736777820,312,walking
4,98,1736775300,1736774520,147,cycling
6,185,1736773200,1736772600,276,walking
11,193,1736764680,1736763360,287,cycling
4,90,1736757000,1736756760,134,walking
38,1188,1736632920,1736631840,1669,walking
12,307,1736631720,1736630400,453,cycling
26,835,1736620320,1736619780,1043,running
21,262,1736617320,1736614860,390,cycling
4,117,1736614380,1736613780,174,walking
11,168,1736612880,1736611560,251,cycling
16,242,1736611080,1736609580,360,cycling
4,131,1736607060,1736606820,196,walking
6,88,1736606460,1736605920,132,cycling
6,184,1736601060,1736600760,274,walking
7,133,1736600700,1736599860,198,cycling
8,103,1736591460,1736590560,154,cycling
5,47,1736543580,1736542560,70,cycling
18,526,1736529720,1736529120,763,walking
6,139,1736526420,1736525460,208,cycling
8,324,1736521620,1736521380,441,walking
7,191,1736514240,1736513580,283,cycling
12,399,1736513340,1736512920,580,walking
6,117,1736510880,1736510220,174,cycling
18,604,1736507820,1736507160,869,walking
18,555,1736497260,1736496660,769,walking
12,150,1736494560,1736492700,224,cycling
7,203,1736443740,1736443140,302,walking
9,352,1736429520,1736429280,468,walking
8,313,1736428680,1736428440,414,walking
4,74,1736405940,1736405700,110,cycling
4,171,1736367660,1736367300,255,walking
34,1169,1736362320,1736361360,1527,walking
7,261,1736360820,1736360520,378,walking
5,72,1736357100,1736356500,108,cycling
6,251,1736356320,1736355960,359,walking
9,306,1736343240,1736343000,425,walking
8,306,1736342340,1736342100,407,walking
10,137,1736287920,1736286840,205,cycling
4,141,1736269920,1736269440,211,walking
9,348,1736256780,1736256540,460,walking
11,339,1736256000,1736255760,434,walking
8,90,1736182320,1736181480,134,cycling
4,91,1736164380,1736164140,136,walking
7,59,1736116080,1736115180,89,cycling
6,71,1736111880,1736111160,107,cycling
5,65,1736101860,1736101020,98,cycling
6,88,1736077080,1736076000,132,cycling
11,209,1736018280,1736016660,311,cycling
7,241,1736004240,1736003880,350,walking
20,623,1736000400,1735999080,900,walking
3,81,1735997700,1735997160,121,cycling
19,431,1735996620,1735995240,600,cycling
21,687,1735995000,1735994160,944,walking
21,607,1735994100,1735993680,802,running
20,692,1735993620,1735992900,994,walking
18,595,1735988460,1735988040,797,running
36,1200,1735987980,1735986480,1693,walking
20,638,1735986420,1735986000,826,running
118,3569,1735985940,1735981440,5031,walking
6,76,1735913460,1735912620,113,cycling
6,59,1735906380,1735905720,88,cycling
3,152,1735897620,1735897380,227,walking
14,201,1735896120,1735894620,300,cycling
6,61,1735894560,1735894140,92,walking
6,196,1735844700,1735844460,284,walking
8,83,1735837500,1735836120,124,cycling
5,92,1735835160,1735834800,137,walking
4,74,1735821000,1735820340,111,cycling
6,148,1735684560,1735684200,221,walking
8,178,1735673940,1735673100,266,cycling
5,135,1735665600,1735665300,202,walking
5,117,1735658280,1735657860,175,walking
4,109,1735651260,1735651020,162,walking
4,167,1735639020,1735638780,249,walking
8,123,1735637400,1735636080,184,cycling
16,294,1735584780,1735583400,437,cycling
6,129,1735581420,1735580520,192,cycling
11,124,1735579140,1735577940,185,cycling
10,230,1735577880,1735577340,342,walking
11,292,1735499040,1735498260,434,walking
4,53,1735472640,1735471860,79,cycling
6,99,1735468560,1735467720,148,cycling
7,96,1735414980,1735414020,144,cycling
37,1116,1735400340,1735398960,1548,walking
6,78,1735396920,1735396140,116,cycling
25,788,1735395960,1735395000,1134,walking
84,2621,1735394580,1735391580,3663,walking
14,503,1735390080,1735389780,625,running
6,63,1735385640,1735384500,95,cycling
6,55,1735380540,1735379640,82,cycling
11,392,1735319460,1735319220,511,running
14,441,1735313760,1735313520,543,running
14,462,1735312200,1735311960,556,running
20,544,1735311900,1735309920,741,cycling
12,175,1735245120,1735242780,261,cycling
10,314,1735230660,1735229940,468,walking
4,100,1735228680,1735228380,150,walking
5,80,1735166760,1735166400,119,cycling
3,53,1735153980,1735153500,80,walking
6,90,1735147860,1735146720,135,cycling
8,85,1735119900,1735118640,127,cycling
7,106,1735116540,1735115940,158,walking
10,118,1735070700,1735067760,176,cycling
3,133,1735066380,1735066140,198,walking
13,137,1735054920,1735053120,205,cycling
5,90,1735047480,1735047180,134,walking
5,77,1735046340,1735046040,115,walking
9,100,1735040100,1735038960,150,cycling
4,55,1734985800,1734985560,83,walking
11,102,1734968220,1734966300,153,cycling
4,78,1734965640,1734965400,117,walking
9,197,1734963540,1734962400,293,cycling
10,110,1734953460,1734952620,164,cycling
4,73,1734948660,1734948300,109,walking
3,80,1734874080,1734873840,120,walking
6,63,1734869040,1734868380,95,walking
16,161,1734867960,1734865980,240,cycling
3,55,1734865920,1734865680,82,walking
4,57,1734862680,1734862440,85,walking
6,111,1734814320,1734813360,166,cycling
13,183,1734812520,1734811020,273,cycling
24,371,1734807840,1734805380,552,cycling
7,202,1734799980,1734799500,301,walking
6,190,1734798720,1734798300,283,walking
10,158,1734798060,1734797220,235,cycling
6,80,1734791280,1734790260,120,cycling
10,106,1734783180,1734781800,159,cycling
5,69,1734777360,1734777060,103,walking
15,501,1734710460,1734709860,731,walking
7,193,1734707700,1734707220,279,walking
8,285,1734700200,1734699960,420,walking
5,201,1734699060,1734698760,299,walking
17,555,1734689100,1734688680,736,walking
9,340,1734688380,1734688140,430,running
14,465,1734688080,1734687660,611,walking
9,88,1734685080,1734684060,131,cycling
5,76,1734639240,1734638760,114,cycling
5,152,1734636720,1734636420,227,walking
6,180,1734631620,1734630720,268,cycling
7,187,1734629340,1734628980,279,walking
48,1442,1734624780,1734623280,2057,walking
12,420,1734623220,1734622980,530,running
23,774,1734622440,1734621960,973,running
4,94,1734620100,1734619800,140,walking
23,819,1734615180,1734614520,1094,walking
19,668,1734614040,1734613680,803,running
8,260,1734613620,1734613080,347,walking
19,527,1734610140,1734608760,735,cycling
24,751,1734608640,1734608040,962,walking
16,467,1734603600,1734603120,633,walking
18,529,1734603060,1734602640,703,running
13,411,1734600540,1734600060,584,walking
7,254,1734598440,1734598200,349,walking
8,101,1734594360,1734593520,151,cycling
4,131,1734557760,1734557280,196,walking
6,131,1734555600,1734554880,195,cycling
41,1272,1734554100,1734552600,1814,walking
5,156,1734551760,1734551520,223,walking
14,283,1734543360,1734541860,422,cycling
17,475,1734541260,1734540780,703,walking
4,98,1734531900,1734531660,147,walking
13,209,1734507960,1734506460,311,cycling
7,213,1734458940,1734458640,306,walking
4,157,1734457920,1734457680,234,walking
10,162,1734455220,1734454380,241,cycling
12,168,1734444180,1734442680,250,cycling
11,130,1734436380,1734434880,194,cycling
13,159,1734421620,1734419820,237,cycling
6,182,1734375780,1734375540,257,walking
5,93,1734374220,1734373200,139,cycling
11,187,1734368940,1734368100,278,cycling
19,570,1734362640,1734362100,816,walking
15,496,1734358920,1734358320,669,walking
15,508,1734353460,1734352860,735,walking
5,122,1734351000,1734350700,182,walking
14,425,1734340740,1734340440,536,walking
3,65,1734338700,1734338460,98,walking
6,81,1734256380,1734256020,121,walking
4,96,1734207240,1734206940,144,walking
9,117,1734201060,1734199920,174,cycling
6,151,1734199200,1734198840,225,walking
10,199,1734198540,1734197400,297,cycling
9,308,1734197220,1734196740,458,walking
10,127,1734195480,1734194520,187,cycling
7,178,1734193920,1734193200,265,cycling
6,158,1734192540,1734191640,231,cycling
7,92,1734188940,1734188100,138,cycling
8,91,1734166260,1734165720,136,walking
6,107,1734164640,1734163620,160,cycling
8,301,1734128100,1734127860,398,walking
10,247,1734118380,1734117960,353,walking
14,296,1734117900,1734117000,403,cycling
13,280,1734102540,1734102120,415,walking
11,389,1734094560,1734094020,538,walking
17,566,1734092520,1734092220,674,running
10,347,1734091140,1734090900,478,walking
18,518,1734088920,1734088140,748,walking
16,612,1734083280,1734082620,859,walking
9,258,1734082200,1734081960,349,walking
4,103,1734080340,1734080100,154,walking
8,100,1734080040,1734078960,150,cycling
8,206,1734078900,1734078360,307,walking
8,129,1734030840,1734029940,193,cycling
8,174,1734021780,1734020640,247,cycling
8,173,1733948880,1733947740,253,cycling
10,325,1733923800,1733923560,438,walking
9,325,1733922540,1733922300,449,walking
7,226,1733920680,1733920260,334,walking
8,308,1733902680,1733902440,413,walking
16,191,1733901120,1733898900,285,cycling
4,88,1733858160,1733857800,131,walking
11,387,1733850300,1733849820,564,walking
10,340,1733846040,1733845680,463,walking
13,449,1733844240,1733843820,625,walking
15,521,1733843760,1733843400,699,running
8,360,1733843160,1733842860,509,walking
27,822,1733841600,1733840760,1171,walking
22,732,1733840700,1733840160,989,running
20,507,1733840100,1733838900,710,cycling
26,743,1733830020,1733828580,1053,walking
7,255,1733821740,1733821440,363,walking
5,108,1733751660,1733751360,161,walking
3,55,1733728440,1733727660,82,cycling
4,78,1733689080,1733688780,117,walking
8,141,1733684820,1733683740,211,cycling
4,78,1733673300,1733673060,116,walking
5,96,1733673000,1733672100,143,cycling
4,104,1733656560,1733656260,156,walking
7,127,1733655240,1733654340,190,cycling
5,61,1733653020,1733652360,91,cycling
2,38,1733606460,1733606220,57,walking
7,110,1733588280,1733587800,164,walking
9,141,1733575500,1733574480,211,cycling
14,357,1733570640,1733569380,513,cycling
29,386,1733567880,1733563920,573,cycling
6,162,1733524680,1733524440,226,walking
5,161,1733511300,1733511060,237,walking
5,181,1733506260,1733506020,265,walking
15,460,1733502000,1733501460,650,walking
19,605,1733495580,1733494980,858,walking
5,166,1733491500,1733491200,239,walking
5,282,1733487240,1733486940,401,walking
19,553,1733484960,1733484360,819,walking
22,758,1733478300,1733477580,1055,walking
7,100,1733476260,1733475360,149,cycling
4,86,1733475240,1733474940,128,walking
10,135,1733474040,1733473140,201,cycling
5,74,1733429100,1733427720,111,cycling
6,111,1733424600,1733422800,165,cycling
6,138,1733416560,1733416080,206,walking
4,82,1733409660,1733409360,123,walking
13,221,1733409120,1733407860,329,cycling
11,137,1733384520,1733383200,204,cycling
7,92,1733349360,1733348760,138,walking
8,162,1733329680,1733329020,242,cycling
12,396,1733319240,1733318820,545,walking
13,349,1733318100,1733317500,476,walking
4,74,1733297760,1733297280,110,cycling
18,228,1733266260,1733264100,339,cycling
26,829,1733252760,1733251980,1108,walking
4,126,1733247780,1733247540,188,walking
7,111,1733246340,1733245140,165,cycling
3,57,1733228280,1733227500,85,cycling
6,125,1733213940,1733213400,186,walking
5,82,1733177520,1733177040,122,walking
6,131,1733176260,1733175840,196,walking
6,74,1733174400,1733172900,111,cycling
6,51,1733168340,1733167380,77,cycling
34,1118,1733159220,1733158560,1417,running
9,317,1733158500,1733158260,436,walking
4,120,1733156340,1733156100,167,walking
18,585,1733143500,1733142480,836,walking
22,610,1733130660,1733129760,869,walking
8,154,1733069520,1733068500,229,cycling
23,815,1733067360,1733066760,1094,running
42,1533,1733066700,1733065140,2106,walking
22,726,1733064420,1733063940,933,running
6,178,1733063880,1733063640,265,walking
22,765,1733063580,1733063100,959,running
6,94,1732968300,1732967760,140,walking
17,229,1732963020,1732960320,341,cycling
13,282,1732881900,1732881480,383,walking
17,606,1732881180,1732880280,794,cycling
19,560,1732880160,1732879500,823,walking
12,237,1732879320,1732877820,317,cycling
18,573,1732873260,1732872720,807,walking
19,525,1732870620,1732870020,737,walking
8,203,1732868040,1732867620,303,walking
9,103,1732830900,1732829280,154,cycling
4,65,1732828020,1732827780,98,walking
13,148,1732825440,1732823040,220,cycling
49,1489,1732821660,1732819620,2060,walking
10,249,1732816440,1732816200,344,walking
25,792,1732816140,1732815660,988,running
17,552,1732815600,1732814940,775,walking
4,63,1732813920,1732812780,95,cycling
8,332,1732797660,1732797360,472,walking
12,143,1732778880,1732777500,213,cycling
9,309,1732714320,1732714080,434,walking
9,313,1732713300,1732713060,449,walking
5,69,1732693080,1732691820,104,cycling
5,97,1732653240,1732652760,145,cycling
6,63,1732650480,1732649520,95,cycling
4,134,1732648020,1732647780,200,walking
7,150,1732640280,1732639680,223,cycling
5,106,1732639620,1732639380,158,walking
7,197,1732638000,1732637220,294,cycling
16,519,1732637040,1732636500,748,walking
16,571,1732636020,1732635360,811,walking
9,127,1732617720,1732616580,190,cycling
11,328,1732606740,1732606080,488,walking
6,101,1732602360,1732601640,151,cycling
9,90,1732566660,1732565400,135,cycling
4,124,1732561980,1732561740,185,walking
5,166,1732557000,1732556520,248,walking
6,156,1732555320,1732554480,232,cycling
13,371,1732548180,1732547820,547,walking
21,533,1732540260,1732539060,688,cycling
20,584,1732529100,1732528320,790,walking
5,97,1732481820,1732481220,145,walking
4,62,1732479540,1732477560,93,cycling
7,209,1732463640,1732463160,311,walking
3,84,1732460040,1732459740,125,walking
5,76,1732447140,1732446720,114,walking
5,74,1732444500,1732443840,110,walking
9,117,1732402440,1732401480,174,cycling
23,479,1732371900,1732370100,683,cycling
8,239,1732368240,1732367880,353,walking
14,340,1732367280,1732366440,475,cycling
6,70,1732365540,1732364640,105,cycling
9,171,1732310700,1732309740,248,cycling
7,239,1732304280,1732303680,350,walking
17,470,1732289400,1732288980,669,walking
33,1043,1732280880,1732279560,1492,walking
5,93,1732277580,1732277220,139,walking
22,667,1732264860,1732264020,952,walking
6,104,1732262280,1732262040,156,walking
6,55,1732261500,1732260720,83,cycling
3,129,1732213740,1732213500,193,walking
3,52,1732211880,1732210920,78,cycling
6,172,1732208760,1732207500,256,cycling
6,77,1732206840,1732206480,115,walking
3,84,1732173720,1732173480,126,walking
6,71,1732132860,1732131900,106,cycling
8,181,1732122780,1732122300,265,walking
7,192,1732037220,1732036800,277,walking
10,199,1732035780,1732034880,297,cycling
12,138,1732001880,1732000860,206,cycling
15,180,1731970380,1731967500,268,cycling
7,172,1731956940,1731956700,252,walking
10,199,1731956640,1731955920,288,cycling
8,241,1731948000,1731947760,341,walking
17,544,1731941640,1731941100,797,walking
21,624,1731919080,1731918420,870,walking
11,392,1731915420,1731915060,542,walking
5,66,1731912000,1731910980,99,cycling
6,183,1731843060,1731842820,258,walking
5,84,1731841020,1731840720,126,walking
5,88,1731839940,1731839580,131,walking
7,50,1731834360,1731833340,75,cycling
5,104,1731792180,1731791820,155,walking
4,57,1731786180,1731784980,85,cycling
24,615,1731779760,1731778380,915,walking
8,198,1731777240,1731776820,288,walking
13,166,1731773340,1731771240,247,cycling
15,232,1731759360,1731757800,330,cycling
12,150,1731754680,1731753180,223,cycling
3,58,1731753120,1731752880,87,walking
25,744,1731697560,1731696720,1046,walking
15,544,1731694020,1731693660,714,running
18,578,1731681420,1731680820,853,walking
9,242,1731676500,1731675780,347,cycling
10,310,1731675600,1731675240,451,walking
12,348,1731672360,1731671940,497,walking
29,1044,1731671880,1731670860,1396,running
26,889,1731660540,1731658860,1277,walking
14,158,1731656640,1731654780,236,cycling
8,84,1731618240,1731616380,125,cycling
10,220,1731605640,1731604680,328,cycling
20,424,1731603540,1731601500,624,cycling
5,91,1731482640,1731482160,136,walking
3,43,1731481440,1731480720,65,cycling
6,122,1731395400,1731394800,182,cycling
7,198,1731354900,1731354540,275,walking
7,200,1731347580,1731347040,290,walking
9,287,1731339360,1731339120,414,walking
7,264,1731339060,1731338880,370,running
20,670,1731334740,1731333900,962,walking
18,592,1731328860,1731328260,856,walking
18,577,1731321900,1731321240,827,walking
23,736,1731317940,1731317100,1015,walking
11,275,1731314340,1731313500,378,cycling
18,580,1731313380,1731312660,817,walking
4,76,1731272520,1731272280,114,walking
12,377,1731253020,1731252720,526,walking
71,2204,1731252660,1731250980,2903,running
11,223,1731250920,1731249900,332,cycling
5,74,1731239940,1731238800,110,cycling
6,87,1731181380,1731180780,130,cycling
7,88,1731166140,1731165720,132,walking
14,234,1731165600,1731164460,348,cycling
15,477,1731164400,1731164100,619,running
15,449,1731164040,1731163740,600,walking
40,1376,1731163680,1731162660,1808,running
15,170,1731155220,1731153480,253,cycling
5,73,1731152160,1731150900,109,cycling
5,112,1731099420,1731099180,158,walking
17,599,1731091500,1731091140,749,running
11,380,1731087600,1731087360,504,running
11,348,1731087300,1731086880,492,walking
15,535,1731076920,1731076320,772,walking
6,259,1731071340,1731071100,374,walking
11,341,1731070680,1731070200,495,walking
5,105,1731068280,1731067440,157,cycling
21,594,1731064440,1731063720,873,walking
15,513,1731058380,1731057900,731,walking
5,101,1731055020,1731054240,151,cycling
9,136,1731018180,1731017580,203,walking
12,292,1731014220,1731013500,434,walking
12,204,1731013440,1731012300,304,cycling
3,49,1731012240,1731012000,74,walking
12,389,1730984520,1730984160,545,walking
11,380,1730981640,1730981280,556,walking
12,116,1730963340,1730961420,173,cycling
13,325,1730919060,1730918100,454,walking
9,185,1730915700,1730914200,276,cycling
12,376,1730910780,1730910360,545,walking
10,123,1730837280,1730835840,184,cycling
10,143,1730831940,1730830800,213,cycling
26,762,1730829780,1730828400,1082,walking
10,266,1730826780,1730826360,390,walking
6,184,1730791800,1730791500,274,walking
11,327,1730741460,1730740560,461,cycling
15,468,1730735940,1730735400,649,walking
18,532,1730731200,1730730600,772,walking
19,566,1730723640,1730722920,834,walking
9,211,1730721060,1730719680,314,cycling
17,514,1730717520,1730716920,747,walking
12,480,1730709960,1730709720,567,running
16,179,1730708280,1730706660,267,cycling
9,80,1730673360,1730672040,120,cycling
16,439,1730647440,1730647140,595,walking
38,1212,1730647080,1730646180,1597,running
7,149,1730646120,1730645640,200,walking
17,507,1730645580,1730645280,638,running
5,238,1730645220,1730644980,334,walking
7,90,1730635380,1730635080,134,walking
12,216,1730634960,1730634120,322,cycling
8,271,1730580540,1730580240,368,walking
12,99,1730579400,1730578440,148,cycling
8,84,1730575560,1730574780,126,cycling
7,177,1730481360,1730480580,255,cycling
8,239,1730477100,1730476680,356,walking
12,306,1730476140,1730474880,441,cycling
10,201,1730474760,1730474100,299,walking
19,507,1730473500,1730472600,746,walking
7,61,1730472300,1730471700,91,cycling
9,301,1730471100,1730470680,419,walking
21,542,1730470320,1730469240,740,walking
9,87,1730467020,1730465760,130,cycling
7,81,1730394540,1730393400,121,cycling
9,314,1730381700,1730381460,406,walking
10,333,1730380500,1730380200,466,walking
8,100,1730357640,1730356800,149,cycling
3,57,1730356080,1730355360,86,cycling
8,323,1730327640,1730327400,449,walking
3,57,1730322060,1730321820,85,walking
8,333,1730315760,1730315460,476,walking
9,296,1730309700,1730309400,423,walking
14,386,1730306040,1730305740,497,walking
14,374,1730305200,1730304420,500,cycling
9,343,1730295180,1730294880,480,walking
8,370,1730293980,1730293680,509,walking
5,126,1730272320,1730272080,188,walking
13,230,1730224680,1730223720,342,walking
22,538,1730221680,1730220660,783,walking
12,351,1730220000,1730219700,474,walking
10,347,1730208780,1730208540,457,walking
8,294,1730207820,1730207580,400,walking
12,139,1730185560,1730184000,208,cycling
7,242,1730132280,1730131980,360,walking
15,515,1730122020,1730121480,734,walking
5,92,1730120220,1730119560,137,cycling
12,354,1730116320,1730115180,469,cycling
7,257,1730103840,1730103540,347,walking
13,113,1730046840,1730045700,168,cycling
3,46,1730045640,1730045400,69,walking
28,830,1729975020,1729973640,1095,cycling
9,144,1729972980,1729971720,215,cycling
9,258,1729956480,1729956180,365,walking
5,109,1729942620,1729941720,163,cycling
3,53,1729940880,1729940400,79,cycling
6,216,1729881120,1729880820,322,walking
4,108,1729880100,1729879740,161,walking
10,366,1729873680,1729873260,518,walking
14,518,1729865220,1729864560,766,walking
6,187,1729859940,1729859220,278,cycling
14,304,1729853040,1729851720,425,cycling
16,589,1729842300,1729841820,795,walking
28,739,1729841100,1729840080,1052,walking
3,73,1729837260,1729836180,109,cycling
4,79,1729749780,1729749480,118,walking
4,51,1729749060,1729748520,77,cycling
5,118,1729706580,1729706340,176,walking
8,239,1729702080,1729701660,350,walking
10,309,1729664940,1729664700,402,walking
3,96,1729663140,1729662840,143,walking
6,61,1729615500,1729614540,92,cycling
13,376,1729612740,1729612080,540,walking
8,79,1729576680,1729575780,118,cycling
10,135,1729533780,1729532700,202,cycling
19,554,1729524360,1729523880,765,walking
11,302,1729520400,1729520040,416,walking
14,316,1729519920,1729518480,458,cycling
7,267,1729518420,1729517940,387,walking
15,493,1729510680,1729509960,726,walking
10,263,1729502460,1729501260,391,cycling
8,111,1729497120,1729496280,165,cycling
7,111,1729494420,1729494060,165,walking
17,185,1729456320,1729453920,276,cycling
9,296,1729451580,1729451280,415,walking
23,572,1729447140,1729446180,837,walking
8,246,1729444800,1729444560,351,walking
16,530,1729442280,1729441980,652,running
17,589,1729433640,1729433280,734,running
8,82,1729431720,1729430820,122,cycling
6,54,1729421880,1729421040,81,cycling
4,69,1729333560,1729333320,103,walking
10,295,1729270740,1729270320,407,walking
11,355,1729258020,1729257120,497,cycling
12,233,1729256280,1729255440,347,cycling
17,554,1729253520,1729252980,780,walking
32,1002,1729249620,1729248780,1278,running
18,611,1729237020,1729236480,836,walking
12,368,1729233540,1729233240,468,walking
4,104,1729231500,1729230960,155,walking
6,155,1729189260,1729189020,231,walking
7,174,1729181340,1729180920,260,walking
11,353,1729081980,1729081680,472,walking
9,313,1729080900,1729080660,425,walking
5,96,1729058100,1729057800,144,walking
9,117,1729057620,1729056480,175,cycling
4,80,1728973020,1728972780,120,walking
8,235,1728928380,1728928080,329,walking
5,138,1728927720,1728927420,206,walking
6,160,1728926940,1728926700,238,walking
5,180,1728924960,1728924720,260,walking
20,549,1728917700,1728917100,791,walking
18,640,1728906900,1728906240,915,walking
5,175,1728903840,1728903600,261,walking
21,654,1728899460,1728898680,951,walking
4,145,1728893040,1728892800,216,walking
4,187,1728890880,1728890640,275,walking
13,162,1728888540,1728887400,241,cycling
22,431,1728831540,1728828960,608,cycling
14,210,1728828780,1728827880,313,walking
11,332,1728827700,1728826620,469,cycling
18,557,1728826500,1728826020,760,walking
15,240,1728825960,1728824160,336,cycling
4,98,1728762540,1728762300,146,walking
3,86,1728752880,1728752640,129,walking
7,194,1728746940,1728746460,288,walking
6,88,1728739680,1728739200,132,walking
9,163,1728729540,1728728340,243,cycling
11,164,1728723000,1728721560,245,cycling
9,312,1728649980,1728649680,431,walking
11,340,1728648540,1728648240,467,walking
7,119,1728627900,1728627000,178,cycling
6,74,1728626400,1728625740,111,cycling
18,449,1728577320,1728576240,651,walking
8,77,1728507660,1728506640,115,cycling
4,78,1728506520,1728506280,117,walking
5,66,1728505560,1728504360,99,cycling
4,54,1728367500,1728366660,81,cycling
6,83,1728336600,1728335760,124,cycling
7,182,1728324720,1728324420,259,walking
11,344,1728323640,1728323100,504,walking
4,66,1728323040,1728322320,99,cycling
21,602,1728322140,1728321240,856,walking
7,99,1728320340,1728319920,148,walking
30,832,1728317880,1728316920,1121,walking
11,372,1728304380,1728304140,478,walking
13,391,1728303420,1728303120,525,walking
11,135,1728241680,1728240000,202,cycling
7,69,1728229860,1728229200,104,cycling
4,37,1728228360,1728227760,56,cycling
12,182,1728226080,1728224160,271,cycling
3,37,1728202380,1728202080,56,cycling
4,90,1728162300,1728162000,135,walking
4,71,1728125160,1728123900,106,cycling
12,245,1728116340,1728115320,365,cycling
25,616,1728111180,1728109920,851,walking
16,502,1728109080,1728108360,714,walking
9,348,1728066540,1728066300,468,walking
3,117,1728064680,1728064440,174,walking
7,182,1728063300,1728062880,271,walking
8,191,1728051960,1728050760,285,cycling
7,230,1728050040,1728049800,332,walking
10,275,1728032220,1728031560,410,walking
17,461,1728024780,1728024060,645,walking
6,87,1727976540,1727975700,130,cycling
11,376,1727975520,1727974860,556,walking
14,294,1727974800,1727972640,437,cycling
7,141,1727969460,1727968560,210,cycling
10,308,1727966400,1727966040,430,walking
15,267,1727965380,1727964360,398,cycling
14,471,1727964300,1727964060,575,running
3,58,1727961300,1727961000,87,walking
14,439,1727959560,1727959260,568,walking
9,291,1727956680,1727956320,428,walking
5,156,1727953260,1727953020,233,walking
53,1555,1727949540,1727947680,2128,walking
12,116,1727947620,1727946720,173,cycling
14,497,1727943180,1727942580,674,walking
11,390,1727938560,1727938260,537,walking
8,298,1727937180,1727936640,372,cycling
12,384,1727935680,1727935200,544,walking
7,256,1727905080,1727904840,371,walking
4,122,1727903700,1727903460,182,walking
10,375,1727903040,1727902680,539,walking
22,624,1727896800,1727895660,848,cycling
8,101,1727889300,1727888220,151,cycling
27,817,1727884620,1727884080,1044,running
5,71,1727881380,1727880480,106,cycling
16,491,1727875620,1727875200,642,walking
18,494,1727872320,1727871480,639,cycling
14,401,1727869200,1727868960,518,running
17,601,1727868900,1727868360,803,walking
6,177,1727860200,1727859900,250,cycling
19,574,1727846580,1727846220,746,running
17,478,1727846160,1727845020,632,cycling
17,621,1727789280,1727788560,863,walking
24,596,1727780520,1727773860,814,cycling
15,432,1727773800,1727773560,538,running
11,442,1727773500,1727773200,574,walking
7,206,1727768460,1727767860,298,cycling
20,482,1727765340,1727765040,602,running
15,530,1727764980,1727764440,661,walking
12,358,1727761380,1727761020,467,walking
6,221,1727726040,1727725740,304,walking
11,400,1727712180,1727711940,530,running
23,725,1727711880,1727711400,927,walking
10,365,1727709420,1727709120,497,walking
8,303,1727678940,1727678640,411,walking
6,115,1727675100,1727674740,171,walking
32,915,1727670720,1727670060,1171,walking
19,460,1727643540,1727641980,592,cycling
21,638,1727641920,1727641200,920,running
7,256,1727639520,1727639220,354,walking
10,313,1727604180,1727603880,448,walking
10,388,1727594100,1727593740,541,walking
11,297,1727592840,1727591640,383,cycling
10,215,1727591040,1727590740,320,walking
11,349,1727555100,1727554620,509,walking
36,1116,1727541000,1727539980,1507,walking
15,122,1727537100,1727521980,182,cycling
14,437,1727512260,1727511840,605,walking
16,268,1727508420,1727506680,399,cycling
29,845,1727498280,1727497500,1073,walking
10,286,1727464500,1727464200,420,walking
13,357,1727462580,1727461980,531,walking
6,176,1727455620,1727455380,251,walking
12,393,1727448780,1727448420,545,walking
32,987,1727444160,1727429820,1299,cycling
11,268,1727423040,1727422500,399,walking
8,303,1727419320,1727418900,425,walking
10,193,1727417160,1727416800,288,walking
11,299,1727383440,1727382600,445,walking
7,78,1727380560,1727379300,116,cycling
11,261,1727378820,1727377260,356,cycling
14,396,1727355240,1727354340,543,cycling
27,763,1727348700,1727347560,1081,walking
15,387,1727346900,1727346300,569,walking
7,179,1727342460,1727342220,267,walking
5,141,1727341560,1727341260,210,walking
4,80,1727327520,1727327100,120,walking
7,118,1727325720,1727325120,176,walking
11,100,1727297280,1727295540,149,cycling
3,43,1727295480,1727295240,64,walking
3,52,1727291760,1727291520,78,walking
7,69,1727291460,1727290560,104,cycling
8,106,1727287740,1727286600,159,cycling
9,128,1727284980,1727284080,191,cycling
4,88,1727283960,1727283720,131,walking
12,102,1727281320,1727278860,152,cycling
8,218,1727277480,1727276940,325,walking
5,130,1727266860,1727266200,194,walking
9,241,1727265000,1727264640,352,walking
7,259,1727263800,1727263560,360,walking
4,112,1727254200,1727253960,167,walking
6,204,1727249700,1727249400,297,walking
7,157,1727246760,1727246040,234,cycling
15,283,1727245380,1727244900,399,walking
7,197,1727244300,1727243940,294,walking
6,244,1727242140,1727241900,342,walking
6,69,1727240040,1727239380,104,cycling
6,78,1727205540,1727205120,117,walking
12,108,1727154180,1727152200,161,cycling
46,1301,1727113500,1727111340,1874,walking
10,313,1727109000,1727108580,438,walking
14,329,1727108160,1727106660,454,cycling
8,304,1727094660,1727094420,426,walking
8,283,1727093400,1727093160,378,walking
4,67,1727074500,1727073540,100,cycling
5,93,1727072460,1727072220,139,walking
13,468,1727026740,1727026380,654,walking
8,274,1727020260,1727019840,399,walking
12,168,1727018640,1727017560,241,cycling
10,160,1727016300,1727015460,238,cycling
3,57,1727012160,1727011620,86,cycling
11,389,1726952040,1726951680,550,walking
8,221,1726951200,1726950840,329,walking
9,270,1726948680,1726948260,398,walking
11,162,1726947960,1726947120,242,cycling
14,345,1726941420,1726940820,495,walking
16,528,1726940760,1726940460,651,running
6,106,1726938180,1726937640,158,walking
11,108,1726937460,1726936320,161,cycling
3,53,1726929900,1726929600,79,cycling
5,98,1726848840,1726848180,146,walking
12,163,1726846920,1726845720,243,cycling
13,206,1726782540,1726781040,307,cycling
10,274,1726778220,1726777860,387,walking
10,98,1726769880,1726768560,147,cycling
9,161,1726768500,1726767660,240,walking
3,51,1726763880,1726762980,77,cycling
5,94,1726725660,1726725360,141,walking
7,76,1726693080,1726690200,114,cycling
7,71,1726679280,1726678380,107,cycling
4,78,1726677600,1726677300,117,walking
14,353,1726676400,1726675080,522,cycling
34,979,1726674480,1726673100,1401,walking
7,200,1726661460,1726660860,267,cycling
12,405,1726593840,1726593360,602,walking
11,327,1726590600,1726590300,422,walking
11,337,1726573860,1726573320,501,walking
3,51,1726553460,1726553160,77,walking
13,155,1726468740,1726467540,231,cycling
16,501,1726422240,1726421580,681,walking
16,530,1726419840,1726419420,750,walking
7,219,1726417080,1726416840,306,walking
12,364,1726410300,1726409340,511,cycling
11,352,1726408860,1726408440,490,walking
7,197,1726404180,1726403880,294,walking
10,327,1726403040,1726402500,471,walking
12,229,1726399680,1726397880,341,cycling
6,124,1726396020,1726395720,179,walking
25,808,1726393260,1726392240,1159,walking
30,795,1726389660,1726388520,1149,walking
16,566,1726388460,1726388160,674,running
13,189,1726386240,1726384020,281,cycling
5,71,1726341840,1726341480,107,walking
7,107,1726341000,1726340160,160,cycling
19,209,1726334880,1726332780,312,cycling
11,253,1726330140,1726329600,370,walking
12,175,1726327680,1726326240,261,cycling
12,141,1726309080,1726307880,211,cycling
6,100,1726306500,1726306080,150,walking
8,73,1726252200,1726251360,109,cycling
12,189,1726248300,1726246920,281,cycling
7,192,1726242900,1726242000,256,cycling
5,133,1726207920,1726206660,199,cycling
3,106,1726164240,1726163400,159,cycling
6,175,1726154400,1726153860,261,walking
20,264,1726121700,1726119180,393,cycling
9,111,1726087260,1726083420,166,cycling
16,526,1726079640,1726079100,746,walking
8,267,1726069380,1726069020,396,walking
9,133,1726035000,1726034040,199,cycling
10,223,1725988260,1725987720,326,walking
8,263,1725986760,1725986460,363,walking
4,117,1725985440,1725985200,175,walking
24,670,1725971700,1725970440,891,cycling
12,150,1725861960,1725860880,223,cycling
7,78,1725822780,1725821760,116,cycling
10,121,1725811380,1725810540,180,cycling
3,59,1725794940,1725794700,88,walking
11,421,1725734100,1725733860,531,running
13,150,1725731520,1725730140,223,cycling
15,226,1725697920,1725696000,337,cycling
4,55,1725694860,1725694200,82,cycling
7,227,1725654720,1725654480,329,walking
7,121,1725652680,1725651300,181,cycling
4,70,1725643740,1725643380,105,walking
14,434,1725633060,1725632520,641,walking
11,330,1725629040,1725628680,455,walking
5,138,1725623340,1725623100,206,walking
12,369,1725621540,1725621120,542,walking
5,105,1725619380,1725618780,157,cycling
21,662,1725606780,1725606120,913,walking
8,156,1725603840,1725602760,233,cycling
13,174,1725558480,1725557340,259,cycling
10,114,1725520740,1725519840,170,cycling
15,199,1725457140,1725455040,296,cycling
16,257,1725439500,1725437640,383,cycling
6,95,1725431460,1725430740,142,cycling
9,141,1725387360,1725386220,210,cycling
5,154,1725384420,1725384180,222,walking
11,440,1725369960,1725369600,619,walking
14,463,1725353100,1725352620,639,walking
8,67,1725344460,1725343620,101,cycling
4,82,1725299520,1725299280,123,walking
14,444,1725283440,1725282900,622,walking
12,404,1725277440,1725277020,564,walking
15,537,1725264420,1725263880,738,walking
10,166,1725260700,1725259860,247,cycling
8,102,1725227940,1725226440,152,cycling
6,56,1725203400,1725202500,84,cycling
4,83,1725186240,1725185580,124,cycling
7,169,1725141540,1725141240,252,walking
22,331,1725138600,1725136860,493,cycling
28,730,1725136740,1725135420,1043,walking
8,275,1725134940,1725134640,407,walking
15,455,1725134220,1725133320,657,walking
14,192,1725126060,1725123480,286,cycling
14,396,1725123360,1725122520,567,walking
12,369,1725116640,1725115860,487,cycling
5,94,1725115800,1725115560,140,walking
6,111,1725048540,1725047040,166,cycling
6,189,1725041760,1725041400,281,walking
8,184,1725041160,1725040620,262,cycling
4,133,1725033060,1725032760,199,walking
151,4756,1725025380,1725021660,6208,running
6,189,1725021600,1725021360,272,walking
13,385,1725020280,1725019920,533,walking
14,450,1725019860,1725019560,601,running
24,657,1725016320,1725015120,925,cycling
23,766,1725007080,1725006360,1057,walking
23,782,1725006300,1725005700,1072,running
67,2058,1725005040,1725003240,2782,running
30,1022,1725003180,1725002280,1407,walking
3,54,1725001800,1725001560,81,walking
11,184,1724993400,1724992740,274,walking
6,82,1724949180,1724948520,122,walking
7,92,1724917380,1724916300,138,cycling
10,127,1724869080,1724868120,189,cycling
9,183,1724866980,1724865600,273,cycling
12,321,1724854740,1724854440,453,walking
16,551,1724844720,1724843760,809,walking
14,503,1724831400,1724830920,680,walking
5,82,1724790000,1724789040,123,cycling
28,859,1724779260,1724778360,1134,walking
16,518,1724773560,1724773260,644,running
14,391,1724773200,1724771460,560,cycling
7,187,1724769180,1724768220,279,cycling
11,128,1724764920,1724763240,191,cycling
5,71,1724745300,1724745000,106,walking
9,304,1724684220,1724683740,446,walking
14,463,1724681700,1724681160,665,walking
18,609,1724675400,1724674740,869,walking
11,354,1724673300,1724672880,501,walking
13,468,1724663940,1724663520,644,walking
33,1019,1724658060,1724656680,1428,walking
5,72,1724654640,1724654220,108,walking
5,73,1724653800,1724653260,109,cycling
6,119,1724623140,1724622540,177,walking
15,137,1724604780,1724602380,204,cycling
17,395,1724602320,1724601120,581,walking
13,405,1724520360,1724519820,591,walking
7,162,1724519040,1724518560,242,walking
7,134,1724518500,1724517660,200,cycling
4,94,1724517120,1724516580,141,cycling
5,113,1724514900,1724514660,169,walking
9,127,1724513460,1724512500,189,cycling
7,57,1724504460,1724503320,85,cycling
7,74,1724493600,1724492760,111,cycling
8,177,1724492640,1724492100,264,walking
17,265,1724492040,1724489820,394,cycling
6,180,1724443200,1724442840,269,walking
5,66,1724441400,1724441160,99,walking
13,152,1724423880,1724422200,226,cycling
6,117,1724418840,1724418060,175,cycling
8,100,1724349300,1724348160,150,cycling
7,278,1724345220,1724344920,406,walking
11,280,1724344260,1724343420,400,walking
7,197,1724341140,1724340900,274,walking
18,210,1724340780,1724337960,313,cycling
3,91,1724335740,1724335080,136,cycling
6,54,1724314980,1724314140,81,cycling
6,75,1724273760,1724272680,112,cycling
6,95,1724261280,1724259660,142,cycling
6,135,1724234460,1724233920,202,walking
6,76,1724229840,1724229060,113,cycling
7,284,1724153880,1724153640,402,walking
14,492,1724144760,1724144340,675,walking
6,188,1724138940,1724138700,269,walking
7,156,1724081400,1724080740,233,walking
15,505,1724069820,1724069280,729,walking
7,84,1724065680,1724064600,125,cycling
10,325,1724064540,1724064300,460,running
10,338,1724063580,1724063340,476,running
9,323,1724050500,1724050200,436,walking
3,94,1724047560,1724047200,140,walking
5,128,1723931880,1723931520,191,walking
5,63,1723931400,1723930620,95,cycling
12,269,1723929240,1723928460,400,walking
13,211,1723928340,1723927200,314,cycling
5,121,1723923120,1723922880,180,walking
13,438,1723922520,1723922040,635,walking
3,69,1723909440,1723909200,104,walking
5,92,1723908840,1723908540,138,walking
14,409,1723840800,1723840380,562,walking
5,134,1723835940,1723835460,200,walking
3,80,1723832220,1723831380,119,cycling
18,452,1723830960,1723829580,629,cycling
7,94,1723828620,1723828140,141,walking
6,100,1723820820,1723820460,149,walking
9,110,1723805340,1723803840,164,cycling
6,69,1723797300,1723796820,103,walking
5,58,1723754040,1723753800,87,walking
10,263,1723752060,1723751280,391,cycling
10,112,1723749240,1723748040,167,cycling
18,279,1723745820,1723744320,415,cycling
4,136,1723740780,1723740540,203,walking
7,110,1723667820,1723667220,164,walking
5,93,1723628640,1723628340,139,walking
8,294,1723586100,1723585500,438,walking
7,165,1723584840,1723583340,246,cycling
9,253,1723583220,1723582740,372,walking
5,86,1723569960,1723569060,129,cycling
19,369,1723566060,1723564860,533,cycling
9,218,1723545780,1723545540,306,walking
10,379,1723545480,1723545300,463,running
8,337,1723544280,1723544040,450,walking
23,718,1723530420,1723529580,959,walking
25,856,1723499820,1723499160,1121,walking
16,558,1723496940,1723496580,722,running
28,1055,1723496520,1723495680,1437,walking
12,332,1723495140,1723494780,460,walking
11,449,1723494720,1723494480,547,running
4,90,1723453380,1723453140,134,walking
93,2993,1723412820,1723410000,4081,walking
12,383,1723409940,1723409700,500,running
20,662,1723402320,1723401960,787,running
8,259,1723400580,1723400340,351,walking
2,96,1723399680,1723398900,144,cycling
11,125,1723395540,1723394520,187,cycling
10,290,1723380120,1723379640,432,walking
4,88,1723374060,1723373820,132,walking
7,194,1723327080,1723326780,289,walking
29,831,1723323720,1723322580,1206,walking
33,994,1723322220,1723320900,1376,walking
25,795,1723319460,1723318800,1065,walking
15,122,1723315920,1723307520,182,cycling
7,120,1723300200,1723298760,179,cycling
9,115,1723234680,1723233660,172,cycling
9,119,1723195560,1723194180,177,cycling
7,102,1723137180,1723136520,152,cycling
5,81,1723135260,1723135020,121,walking
9,119,1723104300,1723102980,177,cycling
6,116,1723050960,1723050720,173,walking
8,82,1723050420,1723049820,123,cycling
14,457,1723034640,1723034160,628,walking
8,156,1723016760,1723015680,226,cycling
8,116,1723013940,1723013340,173,walking
7,82,1722979260,1722978300,122,cycling
21,683,1722977280,1722976860,855,running
19,605,1722973500,1722973080,805,running
8,89,1722956400,1722955380,133,cycling
9,273,1722954420,1722954120,382,walking
6,96,1722951360,1722950700,143,cycling
7,100,1722942960,1722942540,150,walking
10,389,1722934800,1722934560,497,walking
16,256,1722933540,1722931980,381,cycling
15,205,1722878760,1722876600,305,cycling
18,205,1722862980,1722861060,306,cycling
3,62,1722842640,1722841860,93,cycling
3,61,1722840180,1722839580,92,cycling
7,115,1722802020,1722801180,171,cycling
53,1528,1722798300,1722795960,2151,walking
4,157,1722793080,1722792780,233,walking
5,97,1722791760,1722790860,145,cycling
5,239,1722790680,1722790380,334,walking
7,233,1722777360,1722776580,347,cycling
60,1774,1722774900,1722773400,2219,running
11,351,1722773340,1722772860,509,walking
29,876,1722770460,1722769800,1151,walking
31,1050,1722769740,1722769020,1324,running
14,478,1722766440,1722766200,592,running
9,277,1722766140,1722765900,373,walking
18,625,1722765840,1722765480,764,running
11,393,1722765420,1722764940,576,walking
36,1107,1722763980,1722762660,1537,walking
13,280,1722761100,1722760080,417,walking
4,107,1722758700,1722758460,160,walking
4,55,1722756720,1722755880,82,cycling
4,103,1722753600,1722753180,154,walking
20,630,1722713220,1722712200,909,walking
6,216,1722706980,1722706740,312,walking
9,179,1722706680,1722705480,253,cycling
13,363,1722687660,1722687000,539,walking
31,812,1722685860,1722684780,1160,walking
8,302,1722683880,1722683640,425,walking
36,1070,1722681720,1722680100,1568,walking
28,873,1722679620,1722678780,1233,walking
15,534,1722677820,1722677400,713,walking
9,236,1722676740,1722676320,352,walking
59,1743,1722675780,1722674040,2389,walking
14,380,1722673920,1722672840,546,cycling
9,195,1722672720,1722672360,290,walking
5,187,1722672180,1722671160,263,cycling
15,439,1722670980,1722670080,653,walking
13,398,1722627960,1722627300,592,walking
23,709,1722626760,1722625620,1036,walking
6,170,1722624720,1722624180,253,walking
4,62,1722606960,1722606720,93,walking
16,496,1722602580,1722601680,652,running
23,743,1722600960,1722600480,945,running
34,1080,1722599100,1722598440,1312,running
18,601,1722598380,1722597900,794,walking
16,489,1722597840,1722597540,621,running
10,287,1722596040,1722595800,395,walking
55,1823,1722595740,1722594480,2292,running
13,349,1722594420,1722594060,494,walking
38,1198,1722594000,1722593220,1497,running
34,823,1722593160,1722591060,1171,cycling
13,469,1722590880,1722590280,671,walking
6,144,1722589620,1722589260,215,walking
18,535,1722588360,1722587760,667,walking
6,104,1722582960,1722582540,156,walking
7,168,1722581460,1722580920,250,walking
7,83,1722579780,1722578640,124,cycling
6,118,1722549360,1722548700,176,cycling
14,180,1722546480,1722544920,268,cycling
8,91,1722530100,1722529440,136,cycling
3,53,1722510600,1722509040,80,cycling
16,176,1722506580,1722504180,263,cycling
2,47,1722502740,1722502500,71,walking
10,135,1722459960,1722458700,202,cycling
5,83,1722446040,1722444660,124,cycling
8,129,1722444120,1722443160,192,cycling
18,504,1722442380,1722441600,716,walking
9,119,1722441540,1722440460,177,cycling
8,207,1722440400,1722439920,308,walking
10,383,1722439200,1722438780,550,walking
4,150,1722435060,1722434760,223,walking
13,121,1722366240,1722364980,181,cycling
12,158,1722363000,1722361500,236,cycling
6,98,1722361380,1722361020,146,walking
7,62,1722357720,1722356640,93,cycling
12,158,1722354420,1722352920,235,cycling
11,381,1722328980,1722328740,483,walking
10,351,1722326880,1722326580,463,walking
3,69,1722325620,1722325320,104,walking
8,117,1722288180,1722281220,174,cycling
7,102,1722279060,1722277980,152,cycling
19,576,1722274020,1722273240,787,running
21,688,1722272460,1722271920,930,walking
33,777,1722271140,1722269400,1153,walking
21,647,1722268800,1722267780,926,walking
13,241,1722266880,1722266340,356,walking
30,911,1722266280,1722265680,1157,running
6,279,1722265620,1722265380,379,walking
17,559,1722263460,1722263040,744,walking
16,416,1722261000,1722260700,540,walking
19,625,1722260580,1722259620,805,cycling
26,626,1722259500,1722258360,913,walking
10,384,1722258300,1722258120,467,running
4,78,1722241200,1722240540,117,cycling
4,91,1722207120,1722206880,136,walking
11,183,1722200340,1722198960,273,cycling
11,252,1722189120,1722188040,376,walking
6,88,1722187440,1722186780,132,walking
6,115,1722183240,1722182400,171,cycling
6,76,1722157020,1722156720,114,walking
6,129,1722107460,1722106680,192,cycling
13,279,1722101040,1722100200,416,walking
14,237,1722099120,1722097560,353,cycling
11,270,1722097260,1722096660,402,walking
18,209,1722096600,1722094860,312,cycling
5,60,1722094440,1722093720,90,cycling
6,100,1722091020,1722090660,149,walking
12,161,1722090600,1722089760,240,cycling
13,178,1722088980,1722087480,266,cycling
4,88,1722086580,1722086340,132,walking
4,57,1722084660,1722084420,85,walking
7,265,1722083820,1722083580,383,walking
11,166,1722083520,1722082620,248,cycling
3,83,1722082560,1722082260,124,walking
4,84,1722081120,1722080280,126,cycling
8,210,1722031140,1722030240,306,cycling
7,200,1722025080,1722024600,292,walking
5,107,1722023220,1722022920,160,walking
12,193,1722021960,1722020580,288,cycling
8,104,1722019440,1722018360,156,cycling
16,373,1722018180,1722017340,553,walking
5,74,1722008460,1722008160,110,walking
4,84,1721996820,1721996580,125,walking
7,220,1721989680,1721989380,328,walking
6,127,1721987940,1721987520,190,walking
8,151,1721985780,1721984760,225,cycling
15,232,1721983740,1721982480,346,cycling
6,135,1721981760,1721981220,201,walking
5,69,1721979000,1721978580,103,cycling
9,124,1721934540,1721933160,185,cycling
6,88,1721929740,1721928900,132,cycling
8,84,1721901360,1721900400,125,cycling
6,100,1721895240,1721894280,150,cycling
9,100,1721856960,1721855820,150,cycling
9,295,1721845980,1721845680,424,walking
17,445,1721836860,1721835780,650,walking
4,92,1721831880,1721831580,137,walking
7,241,1721827320,1721826900,350,walking
9,327,1721825820,1721825580,444,walking
10,325,1721817120,1721816760,457,walking
10,167,1721810880,1721809980,249,cycling
6,230,1721804880,1721804640,342,walking
6,181,1721803800,1721803500,270,walking
6,153,1721803440,1721802420,223,cycling
14,218,1721801040,1721800080,325,walking
10,102,1721769960,1721767740,152,cycling
3,49,1721764260,1721763780,74,walking
5,56,1721758680,1721757780,84,cycling
8,123,1721757060,1721755560,184,cycling
8,102,1721754540,1721753580,152,cycling
5,185,1721753520,1721753220,275,walking
9,276,1721752980,1721751420,411,cycling
4,68,1721745600,1721745180,102,walking
5,57,1721743500,1721743260,85,walking
16,166,1721730480,1721728680,247,cycling
4,95,1721726760,1721726520,142,walking
12,133,1721722800,1721721660,199,cycling
5,58,1721721600,1721721360,87,walking
9,115,1721721300,1721720460,172,cycling
3,53,1721681160,1721680920,80,walking
5,61,1721677080,1721676120,92,cycling
3,55,1721670180,1721669940,83,walking
16,252,1721665200,1721663880,376,cycling
5,119,1721640480,1721640180,178,walking
6,63,1721632680,1721632200,95,cycling
12,218,1721589360,1721588280,324,cycling
7,97,1721572200,1721571120,145,cycling
7,63,1721554080,1721553000,94,cycling
7,139,1721510520,1721509860,207,cycling
12,115,1721509200,1721507700,172,cycling
8,129,1721496780,1721495880,192,cycling
7,189,1721494680,1721494320,279,walking
5,80,1721463480,1721463180,120,walking
2,48,1721461380,1721461140,72,walking
13,147,1721460720,1721458860,219,cycling
12,176,1721407080,1721406000,263,cycling
16,471,1721401920,1721400900,625,cycling
7,232,1721395560,1721395260,319,walking
25,650,1721394180,1721392560,900,cycling
5,152,1721390280,1721390040,227,walking
5,182,1721383800,1721383380,271,walking
12,437,1721381940,1721381400,624,walking
18,560,1721380680,1721380020,815,walking
15,212,1721376900,1721375940,316,cycling
4,174,1721375100,1721374800,258,walking
8,187,1721371380,1721370960,279,walking
4,88,1721370600,1721370300,132,walking
4,56,1721369460,1721369160,84,walking
8,114,1721369100,1721367900,170,cycling
10,141,1721339940,1721332440,211,cycling
13,254,1721330520,1721329200,378,cycling
8,160,1721323680,1721323140,238,walking
6,71,1721313960,1721313300,106,walking
4,72,1721308680,1721308440,108,walking
15,243,1721304840,1721303100,362,cycling
5,85,1721299080,1721298780,127,walking
4,61,1721296680,1721295780,91,cycling
15,476,1721246880,1721245980,651,cycling
9,298,1721245800,1721245560,416,walking
15,554,1721245320,1721244720,750,cycling
5,94,1721244600,1721244360,140,walking
8,72,1721239920,1721238900,108,cycling
3,89,1721237100,1721236860,133,walking
4,80,1721236200,1721235900,119,walking
15,312,1721235180,1721234220,465,walking
7,185,1721233800,1721233500,275,walking
14,408,1721233440,1721232240,569,cycling
10,271,1721231340,1721230680,403,walking
14,246,1721224920,1721223900,367,walking
12,139,1721212560,1721211480,208,cycling
5,220,1721210340,1721210100,327,walking
7,198,1721209620,1721209320,275,walking
26,320,1721208780,1721206620,476,cycling
13,376,1721206500,1721206020,526,walking
19,580,1721205360,1721204220,752,cycling
7,158,1721202180,1721201880,235,walking
6,77,1721201820,1721200980,115,cycling
5,98,1721166480,1721166180,146,walking
4,89,1721160300,1721159400,133,cycling
3,63,1721141700,1721141460,95,walking
12,105,1721136420,1721135160,157,cycling
4,52,1721135100,1721134860,78,walking
19,365,1721127420,1721125920,508,cycling
4,117,1721125800,1721125500,175,walking
8,230,1721124000,1721123700,307,walking
7,162,1721118840,1721118360,241,walking
6,75,1721118240,1721117460,112,cycling
5,92,1721065440,1721064960,138,walking
23,521,1721039100,1721037600,735,cycling
7,270,1721036340,1721036100,383,walking
60,1553,1721033580,1721030040,2113,cycling
9,152,1720985640,1720984260,226,cycling
22,690,1720971300,1720970880,859,running
18,569,1720969140,1720968840,702,running
78,2367,1720968780,1720965720,3276,walking
66,2052,1720900380,1720898160,2869,walking
4,149,1720891860,1720891620,222,walking
9,321,1720886040,1720885680,452,walking
14,415,1720884420,1720880280,571,cycling
4,60,1720813080,1720811940,90,cycling
5,125,1720794300,1720794000,187,walking
10,195,1720791900,1720791000,280,cycling
3,112,1720786440,1720785120,167,cycling
8,220,1720780080,1720779660,327,walking
6,98,1720779240,1720778520,146,cycling
7,213,1720778340,1720777980,317,walking
11,146,1720777560,1720776660,217,cycling
5,202,1720776540,1720776300,299,walking
8,250,1720768140,1720767540,373,walking
5,63,1720767000,1720766760,94,walking
16,230,1720766700,1720765200,342,cycling
6,97,1720765140,1720764780,145,walking
5,102,1720732680,1720732380,153,walking
11,111,1720732140,1720730880,166,cycling
3,84,1720729740,1720729500,126,walking
5,71,1720728300,1720727880,107,walking
4,61,1720685820,1720685100,92,cycling
6,147,1720604340,1720603920,219,walking
19,649,1720555680,1720555200,884,running
10,104,1720553340,1720550640,155,cycling
4,87,1720548480,1720548240,130,walking
7,195,1720535880,1720535160,291,cycling
6,209,1720534440,1720534200,312,walking
15,392,1720532640,1720531440,556,cycling
16,301,1720523460,1720521480,429,cycling
4,195,1720514940,1720514640,284,walking
19,568,1720512480,1720511700,751,cycling
12,415,1720511520,1720511160,576,walking
20,270,1720509240,1720506600,402,cycling
3,89,1720473960,1720473720,133,walking
4,149,1720459680,1720459440,214,walking
9,192,1720458300,1720457340,282,cycling
5,115,1720453680,1720452540,171,cycling
19,603,1720446720,1720445940,854,walking
3,93,1720439940,1720439700,139,walking
5,157,1720439220,1720438920,234,walking
26,740,1720436460,1720435620,981,walking
4,132,1720433820,1720433580,197,walking
34,1047,1720429800,1720427460,1391,cycling
3,108,1720425660,1720425420,161,walking
4,91,1720423020,1720422780,136,walking
13,112,1720384260,1720381320,167,cycling
21,629,1720374420,1720373880,806,running
15,278,1720372320,1720370940,403,cycling
12,439,1720370880,1720370280,624,walking
18,542,1720368180,1720367580,745,walking
29,910,1720366440,1720365540,1223,walking
14,149,1720361100,1720359540,222,cycling
14,466,1720284480,1720268460,631,walking
8,107,1720265340,1720264680,160,cycling
4,119,1720264500,1720264200,177,walking
9,100,1720260900,1720260060,149,cycling
12,199,1720198440,1720197240,296,cycling
9,284,1720194060,1720193700,383,walking
3,93,1720193280,1720193040,139,walking
3,91,1720188840,1720188600,136,walking
8,265,1720187940,1720187460,377,walking
14,438,1720179840,1720179480,587,walking
14,467,1720175820,1720175400,642,walking
4,135,1720174680,1720174380,201,walking
8,243,1720173780,1720173480,339,walking
8,265,1720167000,1720166640,383,walking
17,560,1720165740,1720165080,793,walking
5,83,1720162380,1720162140,124,walking
6,152,1720117920,1720117560,226,walking
7,158,1720115220,1720114740,235,walking
9,292,1720114200,1720113600,434,walking
7,150,1720103220,1720101720,224,cycling
12,248,1720098660,1720097220,341,cycling
5,188,1720097040,1720096800,280,walking
8,316,1720095420,1720095180,441,walking
10,237,1720092480,1720091520,347,cycling
5,164,1720083780,1720083420,244,walking
19,603,1720083060,1720082280,876,walking
9,344,1720077420,1720077120,496,walking
20,269,1720075440,1720072980,401,cycling
10,117,1720024260,1720022760,174,cycling
3,52,1719823920,1719823680,78,walking
11,220,1719821280,1719819960,328,cycling
6,106,1719770100,1719769680,158,walking
2,33,1719687960,1719687720,50,walking
13,117,1719681900,1719680460,174,cycling
8,82,1719679200,1719676620,123,cycling
5,69,1719648060,1719647760,104,walking
5,64,1719574500,1719573720,96,cycling
11,111,1719571680,1719570240,165,cycling
6,98,1719556620,1719556320,147,walking
5,63,1719521940,1719520920,94,cycling
10,150,1719430500,1719429600,224,cycling
19,436,1719421440,1719420120,624,cycling
8,313,1719414240,1719414000,419,walking
5,89,1719409500,1719409140,133,walking
11,306,1719408420,1719407760,450,walking
3,85,1719407040,1719406800,127,walking
3,61,1719398940,1719398700,91,walking
6,119,1719388320,1719387840,177,walking
5,82,1719387120,1719386340,122,cycling
9,144,1719307260,1719306420,215,cycling
7,67,1719263040,1719262020,100,cycling
11,358,1719252840,1719252420,453,walking
8,134,1719243600,1719242880,200,walking
10,368,1719240180,1719239820,527,walking
18,463,1719229740,1719227880,678,cycling
17,457,1719222060,1719220800,621,cycling
14,446,1719220020,1719219540,622,walking
16,406,1719214380,1719213480,539,cycling
6,57,1719210300,1719209460,85,cycling
5,98,1719149400,1719149100,147,walking
5,88,1719148920,1719148200,131,cycling
20,201,1719084540,1719081060,300,cycling
4,107,1719040860,1719040620,160,walking
4,79,1719006240,1719005700,118,cycling
6,248,1718979840,1718979480,370,walking
10,163,1718977320,1718976060,243,cycling
3,76,1718975580,1718975220,113,walking
9,136,1718974560,1718973600,203,cycling
7,215,1718973480,1718973000,320,walking
17,479,1718972220,1718971380,713,walking
10,341,1718969880,1718969460,503,walking
7,249,1718966820,1718966520,357,walking
9,152,1718955480,1718954640,226,cycling
10,106,1718886600,1718885760,158,cycling
2,64,1718817300,1718817060,96,walking
4,106,1718737020,1718736780,158,walking
4,124,1718722260,1718721600,185,cycling
5,147,1718720940,1718720580,219,walking
15,549,1718714040,1718713560,735,walking
5,139,1718707020,1718706720,207,walking
17,526,1718705280,1718704800,737,walking
13,246,1718696760,1718695680,351,cycling
5,281,1718694840,1718694600,363,walking
5,95,1718692860,1718692620,142,walking
5,63,1718692560,1718691600,95,cycling
7,78,1718660160,1718659080,117,cycling
6,70,1718655060,1718653320,105,cycling
15,374,1718645160,1718644500,553,walking
21,660,1718644440,1718643960,885,running
4,143,1718609880,1718609640,213,walking
7,72,1718563140,1718562000,108,cycling
4,107,1718553780,1718553420,160,walking
17,298,1718553000,1718551380,443,cycling
11,158,1718536200,1718534520,236,cycling
13,218,1718534040,1718532660,324,cycling
19,671,1718487480,1718486700,940,walking
18,564,1718485860,1718485200,795,walking
7,225,1718483460,1718483160,335,walking
14,474,1718482680,1718482440,563,running
42,1125,1718476020,1718473800,1483,running
14,416,1718473140,1718472900,527,running
17,334,1718472840,1718471220,467,cycling
5,59,1718450460,1718450040,89,walking
6,209,1718393880,1718393640,308,walking
6,135,1718392620,1718392320,201,walking
19,209,1718376960,1718375520,312,cycling
5,74,1718354160,1718353440,110,walking
12,304,1718352720,1718351820,452,walking
12,180,1718350620,1718349360,269,cycling
4,82,1718302320,1718302080,123,walking
13,252,1718301480,1718300700,375,walking
23,799,1718300640,1718300040,1084,running
18,588,1718299980,1718299320,774,walking
5,93,1718280720,1718279820,139,cycling
6,74,1718263920,1718263320,110,cycling
3,62,1718218320,1718218080,93,walking
12,117,1718097600,1718095320,174,cycling
18,205,1718041920,1718039820,305,cycling
9,209,1718039340,1718038080,298,cycling
11,225,1718034900,1718033640,334,cycling
12,294,1718030940,1718029440,428,cycling
8,271,1718026020,1718025780,356,walking
15,451,1718023200,1718021700,649,cycling
7,289,1718021520,1718021100,406,walking
4,126,1718018100,1718017740,188,walking
13,222,1718009220,1718007960,318,cycling
12,281,1718007840,1718007420,419,walking
6,88,1718005680,1718005380,132,walking
2,27,1718002980,1718002800,41,cycling
10,209,1717958520,1717957200,311,cycling
18,282,1717956840,1717954920,420,cycling
10,319,1717954860,1717954440,475,walking
5,180,1717953120,1717952580,269,walking
9,125,1717949580,1717948380,187,cycling
11,139,1717932300,1717930800,207,cycling
40,1309,1717889940,1717888680,1841,walking
15,406,1717881960,1717881720,518,running
4,198,1717881660,1717881420,272,walking
24,778,1717873500,1717872840,1087,walking
4,92,1717872360,1717872120,138,walking
5,139,1717868460,1717868220,207,walking
5,82,1717808040,1717807740,123,walking
7,188,1717805940,1717805700,266,walking
13,253,1717801980,1717800960,371,cycling
19,667,1717800840,1717800240,872,walking
6,213,1717798380,1717797600,318,cycling
5,97,1717796580,1717795980,145,walking
6,170,1717795440,1717795140,254,walking
13,282,1717792920,1717791720,420,cycling
11,344,1717786740,1717786200,497,walking
18,550,1717785360,1717784820,687,running
5,164,1717784760,1717784520,245,walking
10,209,1717784460,1717783140,310,cycling
4,127,1717782120,1717781880,190,walking
9,211,1717780140,1717779360,314,cycling
9,225,1717778460,1717778100,321,walking
18,223,1717776840,1717774680,332,cycling
21,478,1717774620,1717773120,711,walking
10,280,1717765620,1717765260,401,walking
18,463,1717763220,1717762200,631,walking
14,439,1717761840,1717761420,604,walking
7,190,1717758120,1717757880,276,walking
10,365,1717750020,1717749480,528,walking
19,522,1717746180,1717745220,731,walking
5,119,1717743540,1717743240,178,walking
18,216,1717743180,1717740480,322,cycling
7,240,1717699680,1717699200,357,walking
5,70,1717695720,1717695480,105,walking
10,134,1717687140,1717686060,200,cycling
22,720,1717608900,1717608180,1018,walking
26,836,1717608120,1717607460,1136,running
10,344,1717607400,1717607160,480,walking
20,701,1717606860,1717606380,918,running
3,39,1717595100,1717594860,59,walking
13,164,1717574220,1717572900,244,cycling
67,1960,1717524240,1717521840,2756,walking
6,69,1717521720,1717520940,104,cycling
11,254,1717514640,1717513860,366,cycling
8,193,1717507140,1717506300,286,cycling
17,363,1717503000,1717501920,516,cycling
12,377,1717501800,1717501200,550,walking
8,281,1717496460,1717496220,393,walking
10,298,1717485240,1717484040,401,cycling
8,125,1717482660,1717482180,186,walking
12,126,1717482120,1717480380,188,cycling
4,56,1717448160,1717446840,84,cycling
10,334,1717437840,1717437420,485,walking
9,259,1717425480,1717425180,359,walking
4,98,1717421520,1717421220,146,walking
15,367,1717414860,1717413180,507,cycling
16,477,1717413000,1717412460,683,walking
9,255,1717399680,1717399380,358,walking
19,527,1717278600,1717277820,754,walking
24,708,1717273860,1717273080,1023,walking
13,384,1717273020,1717272780,497,running
12,384,1717272720,1717272420,507,walking
5,133,1717271700,1717271460,198,walking
5,127,1717269180,1717268340,189,cycling
8,147,1717267440,1717267020,219,walking
5,111,1717259460,1717259160,166,walking
7,98,1717256760,1717256460,147,walking
65,2060,1717256400,1717254840,2703,running
11,238,1717254780,1717253760,341,cycling
8,121,1717241040,1717240080,181,cycling
5,65,1717180140,1717179840,97,walking
6,221,1717178160,1717177920,329,walking
17,596,1717174200,1717173660,828,walking
4,94,1717155780,1717155180,140,cycling
13,397,1717154880,1717154220,587,walking
11,370,1717150200,1717149840,516,walking
4,88,1717136040,1717135800,132,walking
9,104,1717135560,1717134480,156,cycling
7,111,1717097160,1717096440,166,cycling
8,344,1717077240,1717077000,461,walking
12,232,1717069620,1717068600,345,cycling
5,158,1717068420,1717068180,235,walking
5,164,1717062960,1717062720,245,walking
13,373,1717058460,1717057620,516,cycling
9,291,1717051200,1717050960,396,walking
39,1260,1717001400,1717000440,1669,running
9,90,1716999120,1716998160,135,cycling
9,163,1716990060,1716989520,243,walking
5,74,1716980760,1716979860,111,cycling
5,97,1716979380,1716978720,145,cycling
3,56,1716968820,1716968580,84,walking
13,328,1716914460,1716913680,446,cycling
13,352,1716911520,1716910200,480,cycling
11,318,1716908280,1716906780,448,cycling
5,107,1716906060,1716905760,160,walking
9,151,1716900960,1716899940,225,cycling
8,224,1716896280,1716895920,315,walking
16,521,1716888540,1716888060,732,walking
13,482,1716885540,1716884940,671,walking
9,279,1716881700,1716881280,365,walking
4,78,1716879540,1716879300,117,walking
6,117,1716878820,1716878220,175,cycling
6,80,1716838200,1716837600,120,cycling
12,230,1716836100,1716835380,343,walking
26,810,1716834660,1716833820,1184,walking
10,266,1716832260,1716831960,370,walking
12,337,1716814260,1716813840,473,walking
6,90,1716810120,1716809220,134,cycling
10,150,1716808200,1716807240,223,cycling
6,203,1716799740,1716799320,293,walking
32,910,1716797040,1716795480,1263,walking
18,563,1716744420,1716743520,776,walking
14,414,1716742860,1716742320,573,walking
8,96,1716739380,1716738120,143,cycling
8,127,1716736320,1716735480,189,cycling
11,222,1716732180,1716731040,330,cycling
7,109,1716726660,1716725580,163,cycling
12,332,1716722160,1716721620,480,walking
9,211,1716719880,1716719520,315,walking
4,76,1716715740,1716714900,113,cycling
5,75,1716714840,1716714540,112,walking
10,442,1716679620,1716679320,585,walking
6,224,1716676260,1716675960,322,walking
3,125,1716674880,1716674400,187,walking
6,97,1716674340,1716673320,145,cycling
63,1797,1716672240,1716669120,2502,walking
18,626,1716668760,1716668400,778,running
5,72,1716664680,1716663000,108,cycling
14,235,1716660120,1716658440,350,cycling
3,63,1716645840,1716645600,95,walking
13,305,1716643560,1716642900,454,walking
56,1612,1716632280,1716629820,2238,walking
16,322,1716629640,1716628320,459,cycling
18,548,1716628140,1716627360,806,walking
3,65,1716624660,1716624420,97,walking
5,57,1716587280,1716586620,85,cycling
4,56,1716585180,1716584880,84,walking
9,109,1716583920,1716582960,163,cycling
16,405,1716582900,1716582240,566,running
15,375,1716582180,1716581460,546,walking
16,355,1716577680,1716576660,528,walking
12,349,1716575640,1716574920,493,walking
22,576,1716570480,1716569340,759,cycling
3,48,1716569280,1716569040,72,walking
20,625,1716551220,1716550500,885,walking
12,426,1716538740,1716538440,579,running
5,184,1716538380,1716538140,264,walking
16,485,1716534600,1716534120,648,walking
7,49,1716531480,1716530760,74,cycling
33,563,1716469680,1716469320,726,running
35,193,1716469260,1716468900,287,walking
38,470,1716468600,1716468240,658,running
21,411,1716468180,1716467820,573,walking
10,745,1716467760,1716466980,983,running
8,86,1716461940,1716460920,128,cycling
4,77,1716460860,1716460620,115,walking
5,113,1716454200,1716453900,168,walking
8,215,1716453360,1716453000,321,walking
5,128,1716452460,1716452160,184,walking
4,104,1716451560,1716451320,156,walking
7,59,1716446280,1716444960,89,cycling
14,440,1716402000,1716401040,570,cycling
9,286,1716396960,1716396540,366,walking
5,174,1716393720,1716393480,258,walking
8,182,1716392520,1716392220,260,walking
18,440,1716381300,1716380340,599,cycling
15,503,1716379200,1716378480,721,walking
7,111,1716376500,1716375480,166,cycling
12,452,1716368040,1716367620,631,walking
13,372,1716363000,1716362700,481,walking
10,178,1716361200,1716360120,265,cycling
11,116,1716326460,1716324240,173,cycling
5,98,1716287220,1716286860,146,walking
10,365,1716285420,1716285000,510,walking
5,92,1716283320,1716282420,137,cycling
10,207,1716281760,1716280980,309,cycling
16,428,1716280260,1716279540,620,walking
15,389,1716277980,1716276960,579,walking
4,89,1716198660,1716198420,133,walking
